"A+D Original Ointment, Diaper Rash & All Purpose Skincare Formula"
A+D Zinc Oxide Diaper Rash Cream with Aloe
ABIN Primer & Sealer-Old Product
Ace Acid-Loving Plant Food
Ace Laundry Detergent Powder-Old Product
Ace with Bleach Laundry Detergent Powder
Ace with Bleach Laundry Detergent Powder-Old Product
"AcrylPro Ceramic Tile Adhesive, 1022LVOC"
Adams Carbaryl Flea & Tick Shampoo-Old Product
Adams Carbaryl Shampoo-04/26/2007
Adams Carpet Powder with Linalool & Nylar
Adams Carpet Powder with Linalool and Nylar
Adams Carpet Powder with Linalool and Nylar-Old Product
"Adams D Limonene Flea & Tick Shampoo for Dogs, Cats, Puppies & Kittens-Old Product"
Adams D-Limonene Flea & Tick Shampoo
Adams D-Limonene Flea & Tick Shampoo
Adams Dual Action Flea & Tick Collar for Dogs
Adams Dual Action Flea & Tick Collar for Dogs-Old Product
Adams Flea & Tick Dust II
Adams Flea & Tick Dust II-Old Product
Adams Flea & Tick Mist with Sykillstop
Adams Flea & Tick Mist with Sykillstop-Old Product
Adams Flea & Tick Mist
Adams Flea & Tick Mist
Adams Flea & Tick Mist-Old Product
Adams Flea & Tick Shampoo with Sykillstop for Dogs & Cats
Adams Flea & Tick Shampoo with Sykillstop for Dogs & Cats-Old Product
Adams Flea & Tick Shampoo
Adams Flea & Tick Shampoo-Old Product
Adams Inverted Carpet Spray
Adams Inverted Carpet Spray-Old Product
Adams Room Fogger with Sykillstop-Old Product
Adams Room Fogger
Adams Spot On Flea & Tick Control for Dogs
Adams Water Based Flea & Tick Mist
Adams Water Based Flea & Tick Mist-Old Product
Adams Yard Spray
Adams Yard Spray with Sprayer
Adams Yard Spray with Sprayer
Adams Yard Spray-Old Product
Adjust Non-Phosphoric Acid Nutrient Buffer
Advanced Formula Instant Krazy Glue
Advanced Power Ultra Dawn Liquid Hand Dishwashing Detergent
Advantage Soil Penetrant (Industrial)
AFM SafeChoice Carpet Shampoo
AFM SafeChoice Head & Body Shampoo
AFM SafeChoice Lock Out
AFM SafeChoice Safety Clean Concentrated All-purpose Bath and Bowl Cleaner
AFM SafeChoice Super Clean
